{"cameraMode":{"drawMode":0,"name":"Shaded","section":"Shading Mode"},"sceneLighting":true,"audioPlay":false,"sceneViewState":{"showFog":true,"showMaterialUpdate":false,"showSkybox":true,"showFlares":true,"showImageEffects":true,"showParticleSystems":true},"in2DMode":false,"pivot":{"x":-0.11778177320957184,"y":1.8363535404205323,"z":-0.1353350579738617},"rotation":{"x":-0.00815006997436285,"y":0.9815957546234131,"z":-0.04303090274333954,"w":-0.18593113124370576},"size":0.36291199922561648,"orthographic":false}